,month,month_no,year,inflation rate
0,January,1,2022,5.1
1,February,2,2022,5.9
2,March,3,2022,7.4
3,April,4,2022,7.4
4,May,5,2022,8.1
5,June,6,2022,8.6
6,July,7,2022,8.9
7,August,8,2022,9.1
8,December,12,2021,5.0
